{
    "Name": "Inflation",
    "StartYear": 2002,
    "StartMonth": 4,
    "NetAssetValueArray":
    [
        0.004074,
        0.004074,
        0.004074,
        0.004074,
        0.004074,
        0.004074,
        0.004074,
        0.004074,
        0.004074,
        0.004074,
        0.004074,
        0.004074,
        0.003120,
        0.003120,
        0.003120,
        0.003120,
        0.003120,
        0.003120,
        0.003120,
        0.003120,
        0.003120,
        0.003120,
        0.003120,
        0.003120,
        0.003008,
        0.003008,
        0.003008,
        0.003008,
        0.003008,
        0.003008,
        0.003008,
        0.003008,
        0.003008,
        0.003008,
        0.003008,
        0.003008,
        0.002903,
        0.002903,
        0.002903,
        0.002903,
        0.002903,
        0.002903,
        0.002903,
        0.002903,
        0.002903,
        0.002903,
        0.002903,
        0.002903,
        0.003493,
        0.003493,
        0.003493,
        0.003493,
        0.003493,
        0.003493,
        0.003493,
        0.003493,
        0.003493,
        0.003493,
        0.003493,
        0.003493,
        0.004660,
        0.004660,
        0.004660,
        0.004660,
        0.004660,
        0.004660,
        0.004660,
        0.004660,
        0.004660,
        0.004660,
        0.004660,
        0.004660,
        0.005027,
        0.005027,
        0.005027,
        0.005027,
        0.005027,
        0.005027,
        0.005027,
        0.005027,
        0.005027,
        0.005027,
        0.005027,
        0.005027,
        0.006457,
        0.006457,
        0.006457,
        0.006457,
        0.006457,
        0.006457,
        0.006457,
        0.006457,
        0.006457,
        0.006457,
        0.006457,
        0.006457,
        0.010116,
        0.010116,
        0.010116,
        0.010116,
        0.010116,
        0.010116,
        0.010116,
        0.010116,
        0.010116,
        0.010116,
        0.010116,
        0.010116,
        0.008111,
        0.008111,
        0.008111,
        0.008111,
        0.008111,
        0.008111,
        0.008111,
        0.008111,
        0.008111,
        0.008111,
        0.008111,
        0.008111,
        0.006973,
        0.006973,
        0.006973,
        0.006973,
        0.006973,
        0.006973,
        0.006973,
        0.006973,
        0.006973,
        0.006973,
        0.006973,
        0.006973,
        0.007974,
        0.007974,
        0.007974,
        0.007974,
        0.007974,
        0.007974,
        0.007974,
        0.007974,
        0.007974,
        0.007974,
        0.007974,
        0.007974,
        0.007277,
        0.007277,
        0.007277,
        0.007277,
        0.007277,
        0.007277,
        0.007277,
        0.007277,
        0.007277,
        0.007277,
        0.007277,
        0.007277,
        0.004736,
        0.004736,
        0.004736,
        0.004736,
        0.004736,
        0.004736,
        0.004736,
        0.004736,
        0.004736,
        0.004736,
        0.004736,
        0.004736,
        0.003223,
        0.003223,
        0.003223,
        0.003223,
        0.003223,
        0.003223,
        0.003223,
        0.003223,
        0.003223,
        0.003223,
        0.003223,
        0.003223,
        0.002491,
        0.002491,
        0.002491,
        0.002491,
        0.002491,
        0.002491,
        0.002491,
        0.002491,
        0.002491,
        0.002491,
        0.002491,
        0.002491,
        0.002419,
        0.002419,
        0.002419,
        0.002419,
        0.002419,
        0.002419,
        0.002419,
        0.002419,
        0.002419,
        0.002419,
        0.002419,
        0.002419,
        0.002640,
        0.002640,
        0.002640,
        0.002640,
        0.002640,
        0.002640,
        0.002640,
        0.002640,
        0.002640,
        0.002640,
        0.002640,
        0.002640,
        0.003396,
        0.003396,
        0.003396,
        0.003396,
        0.003396,
        0.003396,
        0.003396,
        0.003396,
        0.003396
    ]
}
